{"cameraMode":{"drawMode":0,"name":"Shaded","section":"Shading Mode"},"sceneLighting":true,"audioPlay":false,"sceneViewState":{"showFog":true,"showMaterialUpdate":false,"showSkybox":true,"showFlares":true,"showImageEffects":true,"showParticleSystems":true},"in2DMode":false,"pivot":{"x":-10.302722930908204,"y":-5.993060111999512,"z":65.62567901611328},"rotation":{"x":-0.1497451663017273,"y":0.6550955176353455,"z":-0.1347118467092514,"w":-0.7282026410102844},"size":84.90829467773438,"orthographic":false}